fn, model, batch, final_epochs, time_taken,  valid_loss, test_acc, comments
2021554, b6,16, ?, ?,0.377365852,0.80281,
2031325, b7,16,20, 7:42:11.993813,0.348707246,0.806292308,
2041614, b7,16,17, 6:24:04.874657,0.394541382,0.795938462,
2081714,b7,16,12,4:19:51.343173,0.449833694,,default (no augmentation)
2081932,b7,16,12,5:39:57.401943,0.447727009,,mnist_pretrained(no augmentation)
2090913,b7,16,12,4:42:59.821816,0.463618904542923,,mnist_pretrained+bilateral_filter(no augmentation)
2090922,b7,16,24,19:08:17.785389,0.3324961177190145,,mnist_pretrained+bilateral_filter+augmentation
2091550,b7,16,28,17:55:00.960478,0.31251120460828147,,mnist_pretrained+augmentation